DomainName,SiteName,SiteID,SiteType,Science,StateID,UTM_Zone,WSAreaKm2,Source,Area_NED,AOPLiDAR,AOP_Flight,AOPCoverag,TIS_WS,TIS_Dist,TIS_Bear,HUC12Name,HUC12,NLCD_11,NLCD_12,NLCD_21,NLCD_22,NLCD_23,NLCD_24,NLCD_31,NLCD_41,NLCD_42,NLCD_43,NLCD_51,NLCD_52,NLCD_71,NLCD_72,NLCD_81,NLCD_82,NLCD_90,NLCD_95,NRCS_ALF,NRCS_ARI,NRCS_AND,NRCS_ENT,NRCS_GEL,NRCS_HIS,NRCS_INC,NRCS_MOL,NRCS_OXI,NRCS_SPO,NRCS_ULT,NRCS_VER,NRCS_WATER,NoSoilData
Northeast,Lower Hop Brook,HOPB,Core Aquatic,Wadeable Stream,MA,18N,11.88641487,,0,DTM_HOPB_2017_08,D01_HOPB_C1_P2_v1,100,No,14.87,240,Quabbin Reservoir-East Branch Swift River,010802040104,0.17149,0,4.497496,0.72916,0.07979698,0,0.08632544,28.19417,10.056338,49.856395,0,0,0.05591257,0,3.865034,0,2.349682,0.05820931,0,0,0,1.589849,0,1.401112,96.866912,0,0,0,0,0,0.142133,0
Mid-Atlantic,Posey Creek,POSE,Core Aquatic,Wadeable Stream,VA,17N,2.028762,,0,DTM_SCBI_2019_06,D02_SCBI_C1_P1_v1,100,Yes,0.78,290,Happy Creek,020700051005,0,0,2.156438,0,0.02454699,0,0,91.952777,0.234232,3.421939,0,0,0,0,2.210018,0,0,0,100,0,0,0,0,0,0,0,0,0,0,0,0,0
Southeast,Barco Lake,BARC,Core Aquatic,Lake,FL,17N,31.334037,,0,DTM_OSBS_2019_04,D03_OSBS_C1_P1_v1,100,No,2.4,231,Levys Prairie,030801030501,4.869963,0,7.35609,0.502559,0.01030828,0,0.310889,1.824786,34.822331,0.02861106,0,7.055532,4.165965,0,14.604987,0,13.150961,11.297019,1.162142,0,0,25.907255,0,24.219631,5.463646,0,0,3.793191,33.039075,0,6.415059,0
Southeast,Suggs Lake,SUGG,Core Aquatic,Lake,FL,17N,39.61086,,0,DTM_OSBS_2019_04,D03_OSBS_C1_P1_v1,100,No,2.61,273,Levys Prairie,030801030501,5.880284,0,6.370753,0.486864,0.008,0,0.253191,1.530199,36.500932,0.02173899,0,6.374153,3.59998,0,15.207075,0,14.415501,9.351143,0.919308,0,0,22.107647,0,21.928186,5.869691,0,0,3.500893,38.957682,0,6.71659,0
Atlantic Neotropical,Rio Cupeyes,CUPE,Core Aquatic,Wadeable Stream,PR,19N,4.259466,,0,DTM_CUPE_2018_05,D04_CUPE_A1_P1_v1,100,No,20.39,322,Rio Cupeyes,2.101E+11,0,0,0.717887,0.147906,0.253553,0,0,0,97.819204,0,0,0.206213,0.855238,0,0,0,0,0,10.267766,0,0,0,0,0,0.073891,78.783266,10.873536,0,0,0,0,0.001551
Great Lakes,Crampton Lake,CRAM,Core Aquatic,Lake,WI,16N,0.570141,,0,DTM_UNDE_2019_06,D05_UNDE_C1_P1_v1,100,No,5.55,115,Tenderfoot Creek,040201020102,47.706445,0,0.13523,0,0,0,0,5.906258,0.329743,6.929163,0,0,0.517942,0,0,0,38.317188,0.157856,0,0,0,0,0,6.645724,0,0,0,45.553644,0,0,47.800456,0
Prairie Peninsula,Kings Creek,KING,Core Aquatic,Wadeable Stream,KS,14N,13.044891,,0,DTM_KONZ_2019_07,D06_KONZ_KONA_C1_P1_v2,100,Yes,3.52,278,McDowell Creek,1.02701E+11,0,0,0,0,0,0,0,10.00988,0,0,0,0,89.985497,0,0,0,0,0.0046,0,0,0,0,0,0,0,100,0,0,0,0,0,0
Appalachians & Cumberland Plateau,Walker Branch,WALK,Core Aquatic,Wadeable Stream,TN,16N,1.090706,,0,DTM_ORNL_2016_06,D07_ORNL_C1_P1_v8,100,Yes,0.83,156,Clinch River-Conner Creek,060102070404,0,0,0,0,0,0,0,99.863575,0,0,0,0,0,0,0.136425,0,0,0,0,0,0,0,0,0,0,0,0,0,100,0,0,0
Ozarks Complex,Mayfield Creek,MAYF,Core Aquatic,Wadeable Stream,AL,16N,14.351144,,0,DTM_TALL_2019_04,D08_TALL_C1_P1_v1,100,Yes,1.87,309,South Sandy Creek,031601130103,0,0,2.683884,0,0,0,0,37.396775,37.852439,18.943988,0,1.165538,0.02608154,0,0,0,1.931302,0,0,0,0,9.063131,0,0,0,0,0,0,90.936869,0,0,0
Northern Plains,Prairie Pothole,PRPO,Core Aquatic,Lake,ND,14N,2.053617,,0,DTM_WOOD_2019_07,D09_WOOD_DCFS_C1_P1_v2,100,No,0.76,293,Northwestern Lake,1.016E+11,15.719776,0,1.661605,0,0,0,0,0,0.04187733,0,0,0,64.621641,0,3.502503,7.282468,0,7.170081,0,0,0,0,0,0,0,98.895461,0,0,0,0,1.104539,0
Central Plains,Arikaree River,ARIK,Core Aquatic,Wadeable Stream,CO,13N,0,This watershed was not derived from NEON data.,2631.825475,,,4.3,No,92.49,146,1.025E+11,1.025E+11,0.0285237,0,2.092077,0.06050234,0.0029,0.0004,0.0044,0.02618012,0.0025,0.004,0,1.41116,41.83182,0,2.635593,51.484049,0.146681,0.269299,8.226156,0.0525857,0,16.328964,0,0,6.534092,68.848497,0,0,0,0,0,0
Southern Plains,Pringle Creek,PRIN,Core Aquatic,Wadeable Stream,TX,14N,48.886649,,0,DTM_PRIN_2017_05,D11_PRIN_C1_P2_v2,100,No,19.83,263,Pringle Creek-Big Sandy Creek,1.20301E+11,0.04488137,0,2.989092,1.076149,0.03923975,0,0.0209546,16.710886,0,0.0074,0,0.742223,71.985304,0,6.087836,0.296075,0,0,93.299422,0,0,6.320971,0,0,0.122136,0.06313994,0,0,0,0.166215,0.02811606,0
Northern Rockies,Blacktail Deer Creek,BLDE,Core Aquatic,Wadeable Stream,WY,12N,37.809812,,0,DTM_YELL_2019_07,D12_YELL_C1_P1_v2,100,No,3.97,270,Rescue Creek,1.007E+11,0,0,0,0,0,0,0,0,1.027908,0,0,35.851308,60.631145,0,0,0,0.558501,1.931136,1.434742389,0,0,64.78345487,0,0,33.78180274,0,0,0,0,0,0,0
Southern Rockies & Colorado Plateau,Como Creek,COMO,Core Aquatic,Wadeable Stream,CO,13N,3.563638,,0,DTM_NIWO_2018_08,D13_NIWO_C1_P1_v2,100,No,3.88,123,North Boulder Creek,1.019E+11,0,0,0,0,0,0,0,0,66.460033,0,0,21.269528,11.98615,0,0,0,0.284288,0,0,0,0,0,0,0,82.097452,17.902548,0,0,0,0,0,0
Desert Southwest,Sycamore Creek,SYCA,Core Aquatic,Wadeable Stream,AZ,12N,0,This watershed was not derived from NEON data.,280.2636276,,,54.66,No,213.49,345,Middle Sycamore Creek,1.50602E+11,0.002,0,0.514333,0.175271,0.03854407,0.0078,0.02898307,0,20.519916,0.0007,0,78.382093,0.190323,0,0,0,0.108547,0.03145645,26.51400907,0,0,32.1686463,0,0,41.31734463,0,0,0,0,0,0,0
Great Basin,Red Butte Creek,REDB,Core Aquatic,Wadeable Stream,UT,12N,16.703218,,0,DTM_REDB_2017_05,D15_REDB_A1_P1_v1,100,No,87.19,40,Red Butte Creek-Emmigration Creek,1.60202E+11,0,0,0,0,0,0,0,77.792285,10.353688,0.37206,0,11.466246,0.00065,0,0,0,0.0092,0,0,0,0,5.255584,0,0,0,94.718868,0,0,0,0,0,0.02554598
Pacific Northwest,Martha Creek,MART,Core Aquatic,Wadeable Stream,WA,10N,0,This watershed was not derived from NEON data.,6.343690435,,,57,No,3.37,147,Trout Creek,1.70701E+11,0,0,3.371035,2.280739,0.0051,0,0,0.232042,92.173839,0.105475,0,1.831032,0,0,0,0,0,0,0,0,2.530467,0,0,0,32.15819,0,0,0,0,0,0,65.311352
Pacific Southwest,Teakettle 2 Creek,TECR,Core Aquatic,Wadeable Stream,CA,11N,2.97483,,0,DTM_TEAK_2019_06,D17_TEAK_R2_P1_v3,100,No,65.33,106,Rancheria Creek-North Fork Kings River,1.803E+11,0,0,0,0,0,0,0,0,97.245389,0,0,2.754611,0,0,0,0,0,0,0,0,0,65.596958,0,0,34.403042,0,0,0,0,0,0,0
Tundra,Oksrukuyik Creek,OKSR,Core Aquatic,Wadeable Stream,AK,6N,0,This watershed was not derived from NEON data.,57.779748,,,100,No,9.26,85,1.90604E+11,1.90604E+11,4.616595,0.484149,0,0.240936,0,0,2.058711,0,0,0,67.40131,2.056296,0,22.364267,0,0,0,0.777736,0,0,0,0,100,0,0,0,0,0,0,0,0,0
Taiga,"Caribou Creek, Caribou-Poker Creeks Research Watershed",CARI,Core Aquatic,Wadeable Stream,AK,6N,31.023146,,0,DTM_BONA_2018_08,D19_BONA_C1_P1_v1,100,No,0.11,176,Poker Creek,1.90405E+11,0,0,0,0,0,0,0,22.374388,52.829926,15.091055,0,1.795827,0,0,0,0,7.908805,0,0,0,0,0,0,0,100,0,0,0,0,0,0,0
Mid Atlantic,Lewis Run,LEWI,Gradient Aquatic,Wadeable Stream,VA,18N,0,This watershed was not derived from NEON data.,11.91884166,,,87,No,125.32,281,Chapel Run-Shenandoah River,020700070201,0.0052,0,4.53711,0.647185,0.06628161,0,0,7.285221,1.805863,6.588241,0,0,0,0,67.993831,10.982164,0,0.08791962,70.608531,0,0,1.522975,0,0,9.800717,0,0,0,17.98776,0,0.08001616,0
Southeast,Flint River,FLNT,Gradient Aquatic,Non-Wadeable Stream,GA,16N,0,This watershed was not derived from NEON data.,14999.4035,,<Null>,0.3,No,448.83,320,Flint River,031300080402,1.106004,0,4.450761,2.31322693,0.57445916,0.34979188,0.21960524,13.34248076,25.14410536,7.28514577,0,1.39277412,5.0996973,0,7.20245967,19.51113908,11.68489023,0.32345941,18.63055289,0,0,39.63349203,0,0,25.39074357,0,0,0,16.12211836,0,0.223093154,0
Atlantic Neotropical,Río Yahuecas,GUIL,Gradient Aquatic,Wadeable Stream,PR,19N,0,This watershed was not derived from NEON data.,9.558285407,,,99,No,34.81,59,Rio Guilarte at Lago Yahuecas Dam,2.101E+11,0,0,0.0015,0.376748,0,0,0.05672565,0,89.175858,0,0,0.611313,9.777831,0,0,0,0,0,0,0,0,0,0,0,17.355111,2.448284,47.256666,0,32.939945,0,0,0
Great Lakes,Little Rock Lake,LIRO,Gradient Aquatic,Lake,WI,16N,0.86418985,,0,DTM_LIRO_2017_09,D05_LIRO_A1_P2_v1,100,No,55.37,349,070500020105,070500020105,20.328288,0,2.873906,0.107847,0,0,0,43.883297,0.06665202,29.525225,0,0.03147457,0.587371,0,0,0,0,2.595957,0,0,0,0,0,1.761997,0,0,0,77.599731,0,0,20.638289,0
Prairie Peninsula,McDiffett Creek,MCDI,Gradient Aquatic,Wadeable Stream,KS,14N,22.588127,,0,DTM_MCDI_2017_06,D06_MCDI_C1_P2_v1,100,No,111.05,265,Moss Spring-West Branch Mill Creek,1.02701E+11,0.31343,0,1.871448,0.293402,0,0,0,3.173048,0,0.103971,0,0,73.177559,0,8.044115,13.023023,0,0,0,0,0,0,0,0,0,100,0,0,0,0,0,0
Appalachians & Cumberland Platea,LeConte Creek,LECO,Gradient Aquatic,Wadeable Stream,TN,17N,9.125005,,0,DTM_GRSM_2017_10,D07_GRSM_R1_P1_all_v1,100,No,325.79,326,Le Conte Creek,060101070201,0,0,1.746585,0,0,0,0,36.156473,10.420619,51.676333,0,0,0,0,0,0,0,0,0,0,0,0,0,0,94.547762,0,0,0,5.452238,0,0,0
Ozarks Complex,Lower Tombigbee River at Choctaw Refuge,TOMB,Gradient Aquatic,Non-Wadeable Stream,AL,16N,0,This watershed was not derived from NEON data.,47085.34977,,,0.49,No,0.35,117,Tombigbee River-Okatuppa Creek,031602010909,1.69317165,0,4.31589834,1.5560692,0.53893878,0.19456346,0.20949471,17.030079,18.05237396,14.41744701,0,5.13861568,3.77546611,0,15.83863061,3.22431619,12.8767957,1.1381396,48.10280337,0,0,38.61974843,0,0.159179766,11.40677206,0,0,0,1.260606159,0,0.450890217,0
Ozarks Complex,Black Warrior River,BLWA,Gradient Aquatic,Non-Wadeable Stream,AL,16N,0,This watershed was not derived from NEON data.,16159.41077,,,1,No,0.63,122,Coleman Branch,031601130806,2.14802474,0,5.60764256,2.29810285,0.726722,0.31709926,0.34810116,28.27489542,16.512985,12.63915794,0,4.03730195,3.59796966,0,17.23564449,0.64353032,5.3391169,0.27370575,28.99370491,0,0,48.52998858,0,0,20.35380831,0,0,0,1.262197215,0,0.860300992,0
Northern Plains,Prairie lake at Dakota Coteau Field School,PRLA,Gradient Aquatic,Lake,ND,14N,3.368153,,0,DTM_WOOD_2019_07,D09_WOOD_DCFS_C1_P1_v2,100,No,1.24,257,Northwestern Lake,1.016E+11,16.714472,0,0.264477,0.459213,0,0,0,0.116206,0,0,0,0,79.646115,0,0,0,0,2.798596,0,0,0,0,0,0,0,98.460788,0,0,0,1.539212,0,0
Southern Plains,Blue River,BLUE,Gradient Aquatic,Wadeable Stream,OK,14N,0,This watershed was not derived from NEON data.,322.2316066,,,100,No,145.41,39,Little Blue Creek-Blue River,1.11401E+11,0.288887,0,1.965365,0.376699,0.06693819,0.01060728,0.143243,17.390997,0.0056,0.0022,0,0.242838,65.262225,0,13.994603,0.247539,0,0.0023,2.337704,0,0,0,0,0,0.136605,96.938219,0,0,0,0.09861323,0.282456,0.206403
Southern Rockies,West St Louis Creek,WLOU,Gradient Aquatic,Wadeable Stream,CO,13N,4.900315,,0,DTM_WLOU_2017_09,D13_WLOU_A1_P1_v1,100,No,351.91,57,Saint Louis Creek,1.401E+11,0,0,2.215388,0.09176961,0.03010011,0,0,0,93.315899,0,0,2.468923,1.87792,0,0,0,0,0,0,0,0,1.070074,0,0,94.869534,4.060372,0,0,0,0,0,0
Pacific Northwest,McRae Creek,MCRA,Gradient Aquatic,Wadeable Stream,OR,10N,3.929521,,0,DTM_MCRA_2018_07,D16_MCRA_A2_P1_v1,100,No,167.52,174,Lookout Creek,1.709E+11,0.07321503,0,0,0,0,0,0,0,92.966751,0,0,6.42203,0.538005,0,0,0,0,0,0,0,81.54541,0,0,0,18.45034,0,0,0,0,0,0,0.0042
Pacific Southwest,Upper Big Creek,BIGC,Gradient Aquatic,Wadeable Stream,CA,11N,10.903133,,0,DTM_SOAP_2019_06,D17_SOAP_R1_P1_v2,100,No,2.76,15,Upper Big Creek,1.803E+11,0,0,0,0,0,0,0,0.239014,92.694696,0.784032,0,6.249892,0.03236684,0,0,0,0,0,47.22494,0,0,1.647031,0,0,34.496424,14.818365,0,0,0,0,0,1.81324
Tundra,Toolik Lake,TOOK,Gradient Aquatic,Lake,AK,06N,0,This watershed was not derived from NEON data.,67.62792596,,,94,No,398.46,134,Toolik Lake,1.90604E+11,4.408879,0,0,1.129848,0,0,0.714589,0,0,0,75.961012,8.859353,0,8.634873,0,0,0,0.291448,0,0,0,0,100,0,0,0,0,0,0,0,0,0
