"site","nlcdClass","areaKm2","percent","nlcdYear"
"HOPB","openWater",0.02,0.17,"2016"
"HOPB","developedOpenSpace",0.53,4.5,"2016"
"HOPB","developedLowIntensity",0.09,0.73,"2016"
"HOPB","developedMediumIntensity",0.01,0.08,"2016"
"HOPB","barrenLand",0.01,0.09,"2016"
"HOPB","deciduousForest",3.35,28.19,"2016"
"HOPB","evergreenForest",1.2,10.06,"2016"
"HOPB","mixedForest",5.93,49.86,"2016"
"HOPB","grasslandHerbaceous",0.01,0.06,"2016"
"HOPB","pastureHay",0.46,3.87,"2016"
"HOPB","woodyWetlands",0.28,2.35,"2016"
"HOPB","emergentHerbaceousWetlands",0.01,0.06,"2016"
"LEWI","developedOpenSpace",0.54,4.54,"2016"
"LEWI","developedLowIntensity",0.08,0.65,"2016"
"LEWI","developedMediumIntensity",0.01,0.07,"2016"
"LEWI","deciduousForest",0.87,7.29,"2016"
"LEWI","evergreenForest",0.22,1.81,"2016"
"LEWI","mixedForest",0.79,6.59,"2016"
"LEWI","pastureHay",8.1,67.99,"2016"
"LEWI","cultivatedCrops",1.31,10.98,"2016"
"LEWI","emergentHerbaceousWetlands",0.01,0.09,"2016"
"POSE","developedOpenSpace",0.04,2.16,"2016"
"POSE","deciduousForest",1.87,91.95,"2016"
"POSE","mixedForest",0.07,3.42,"2016"
"POSE","pastureHay",0.04,2.21,"2016"
"BARC","openWater",1.53,4.87,"2016"
"BARC","developedOpenSpace",2.3,7.36,"2016"
"BARC","developedLowIntensity",0.16,0.5,"2016"
"BARC","barrenLand",0.1,0.31,"2016"
"BARC","deciduousForest",0.57,1.82,"2016"
"BARC","evergreenForest",10.91,34.82,"2016"
"BARC","mixedForest",0.01,0.03,"2016"
"BARC","shrubScrub",2.21,7.06,"2016"
"BARC","grasslandHerbaceous",1.31,4.17,"2016"
"BARC","pastureHay",4.58,14.6,"2016"
"BARC","woodyWetlands",4.12,13.15,"2016"
"BARC","emergentHerbaceousWetlands",3.54,11.3,"2016"
"SUGG","openWater",2.33,5.88,"2016"
"SUGG","developedOpenSpace",2.52,6.37,"2016"
"SUGG","developedLowIntensity",0.19,0.49,"2016"
"SUGG","barrenLand",0.1,0.25,"2016"
"SUGG","deciduousForest",0.61,1.53,"2016"
"SUGG","evergreenForest",14.46,36.5,"2016"
"SUGG","mixedForest",0.01,0.02,"2016"
"SUGG","shrubScrub",2.52,6.37,"2016"
"SUGG","grasslandHerbaceous",1.43,3.6,"2016"
"SUGG","pastureHay",6.02,15.21,"2016"
"SUGG","woodyWetlands",5.71,14.42,"2016"
"SUGG","emergentHerbaceousWetlands",3.7,9.35,"2016"
"FLNT","openWater",165.89,1.11,"2016"
"FLNT","developedOpenSpace",667.59,4.45,"2016"
"FLNT","developedLowIntensity",346.97,2.31,"2016"
"FLNT","developedMediumIntensity",86.17,0.57,"2016"
"FLNT","developedHighIntensity",52.47,0.35,"2016"
"FLNT","barrenLand",32.94,0.22,"2016"
"FLNT","deciduousForest",2001.29,13.34,"2016"
"FLNT","evergreenForest",3771.47,25.14,"2016"
"FLNT","mixedForest",1092.73,7.29,"2016"
"FLNT","shrubScrub",208.91,1.39,"2016"
"FLNT","grasslandHerbaceous",764.92,5.1,"2016"
"FLNT","pastureHay",1080.33,7.2,"2016"
"FLNT","cultivatedCrops",2926.55,19.51,"2016"
"FLNT","woodyWetlands",1752.66,11.68,"2016"
"FLNT","emergentHerbaceousWetlands",48.52,0.32,"2016"
"GUIL","developedLowIntensity",0.04,0.38,"2001"
"GUIL","barrenLand",0.01,0.06,"2001"
"GUIL","evergreenForest",8.52,89.18,"2001"
"GUIL","shrubScrub",0.06,0.61,"2001"
"GUIL","grasslandHerbaceous",0.93,9.78,"2001"
"CUPE","developedOpenSpace",0.03,0.7,"2001"
"CUPE","developedLowIntensity",0.03,0.7,"2001"
"CUPE","developedMediumIntensity",0.01,0.24,"2001"
"CUPE","evergreenForest",4.17,97.97,"2001"
"CUPE","shrubScrub",0.01,0.14,"2001"
"CUPE","grasslandHerbaceous",0.03,0.8,"2001"
"CRAM","openWater",0.27,47.71,"2016"
"CRAM","deciduousForest",0.03,5.91,"2016"
"CRAM","mixedForest",0.04,6.93,"2016"
"CRAM","woodyWetlands",0.22,38.32,"2016"
"LIRO","openWater",0.18,20.33,"2016"
"LIRO","developedOpenSpace",0.02,2.87,"2016"
"LIRO","deciduousForest",0.38,43.88,"2016"
"LIRO","mixedForest",0.26,29.53,"2016"
"LIRO","grasslandHerbaceous",0.01,0.59,"2016"
"LIRO","emergentHerbaceousWetlands",0.02,2.6,"2016"
"KING","deciduousForest",1.31,10.01,"2016"
"KING","grasslandHerbaceous",11.74,89.99,"2016"
"MCDI","openWater",0.07,0.31,"2016"
"MCDI","developedOpenSpace",0.42,1.87,"2016"
"MCDI","developedLowIntensity",0.07,0.29,"2016"
"MCDI","deciduousForest",0.72,3.17,"2016"
"MCDI","mixedForest",0.02,0.1,"2016"
"MCDI","grasslandHerbaceous",16.53,73.18,"2016"
"MCDI","pastureHay",1.82,8.04,"2016"
"MCDI","cultivatedCrops",2.94,13.02,"2016"
"WALK","deciduousForest",1.09,99.86,"2016"
"LECO","developedOpenSpace",0.16,1.75,"2016"
"LECO","deciduousForest",3.3,36.16,"2016"
"LECO","evergreenForest",0.95,10.42,"2016"
"LECO","mixedForest",4.72,51.68,"2016"
"TOMB","openWater",797.24,1.69,"2016"
"TOMB","developedOpenSpace",2032.16,4.32,"2016"
"TOMB","developedLowIntensity",732.68,1.56,"2016"
"TOMB","developedMediumIntensity",253.76,0.54,"2016"
"TOMB","developedHighIntensity",91.61,0.19,"2016"
"TOMB","barrenLand",98.64,0.21,"2016"
"TOMB","deciduousForest",8018.67,17.03,"2016"
"TOMB","evergreenForest",8500.02,18.05,"2016"
"TOMB","mixedForest",6788.51,14.42,"2016"
"TOMB","shrubScrub",2419.54,5.14,"2016"
"TOMB","grasslandHerbaceous",1777.69,3.78,"2016"
"TOMB","pastureHay",7457.67,15.84,"2016"
"TOMB","cultivatedCrops",1518.18,3.22,"2016"
"TOMB","woodyWetlands",6063.08,12.88,"2016"
"TOMB","emergentHerbaceousWetlands",535.9,1.14,"2016"
"MAYF","developedOpenSpace",0.39,2.68,"2016"
"MAYF","deciduousForest",5.37,37.4,"2016"
"MAYF","evergreenForest",5.43,37.85,"2016"
"MAYF","mixedForest",2.72,18.94,"2016"
"MAYF","shrubScrub",0.17,1.17,"2016"
"MAYF","woodyWetlands",0.28,1.93,"2016"
"BLWA","openWater",347.11,2.15,"2016"
"BLWA","developedOpenSpace",906.16,5.61,"2016"
"BLWA","developedLowIntensity",371.36,2.3,"2016"
"BLWA","developedMediumIntensity",117.43,0.73,"2016"
"BLWA","developedHighIntensity",51.24,0.32,"2016"
"BLWA","barrenLand",56.25,0.35,"2016"
"BLWA","deciduousForest",4569.06,28.27,"2016"
"BLWA","evergreenForest",2668.4,16.51,"2016"
"BLWA","mixedForest",2042.41,12.64,"2016"
"BLWA","shrubScrub",652.4,4.04,"2016"
"BLWA","grasslandHerbaceous",581.41,3.6,"2016"
"BLWA","pastureHay",2785.18,17.24,"2016"
"BLWA","cultivatedCrops",103.99,0.64,"2016"
"BLWA","woodyWetlands",862.77,5.34,"2016"
"BLWA","emergentHerbaceousWetlands",44.23,0.27,"2016"
"PRLA","openWater",0.56,16.71,"2016"
"PRLA","developedOpenSpace",0.01,0.26,"2016"
"PRLA","developedLowIntensity",0.02,0.46,"2016"
"PRLA","grasslandHerbaceous",2.68,79.65,"2016"
"PRLA","emergentHerbaceousWetlands",0.09,2.8,"2016"
"PRPO","openWater",0.32,15.72,"2016"
"PRPO","developedOpenSpace",0.03,1.66,"2016"
"PRPO","grasslandHerbaceous",1.33,64.62,"2016"
"PRPO","pastureHay",0.07,3.5,"2016"
"PRPO","cultivatedCrops",0.15,7.28,"2016"
"PRPO","emergentHerbaceousWetlands",0.15,7.17,"2016"
"ARIK","openWater",0.75,0.03,"2016"
"ARIK","developedOpenSpace",55.06,2.09,"2016"
"ARIK","developedLowIntensity",1.59,0.06,"2016"
"ARIK","developedMediumIntensity",0.08,0,"2016"
"ARIK","developedHighIntensity",0.01,0,"2016"
"ARIK","barrenLand",0.12,0,"2016"
"ARIK","deciduousForest",0.69,0.03,"2016"
"ARIK","evergreenForest",0.07,0,"2016"
"ARIK","mixedForest",0.11,0,"2016"
"ARIK","shrubScrub",37.14,1.41,"2016"
"ARIK","grasslandHerbaceous",1100.94,41.83,"2016"
"ARIK","pastureHay",69.36,2.64,"2016"
"ARIK","cultivatedCrops",1354.97,51.48,"2016"
"ARIK","woodyWetlands",3.86,0.15,"2016"
"ARIK","emergentHerbaceousWetlands",7.09,0.27,"2016"
"BLUE","openWater",0.93,0.29,"2016"
"BLUE","developedOpenSpace",6.33,1.97,"2016"
"BLUE","developedLowIntensity",1.21,0.38,"2016"
"BLUE","developedMediumIntensity",0.22,0.07,"2016"
"BLUE","developedHighIntensity",0.03,0.01,"2016"
"BLUE","barrenLand",0.46,0.14,"2016"
"BLUE","deciduousForest",56.04,17.39,"2016"
"BLUE","evergreenForest",0.02,0.01,"2016"
"BLUE","mixedForest",0.01,0,"2016"
"BLUE","shrubScrub",0.78,0.24,"2016"
"BLUE","grasslandHerbaceous",210.3,65.26,"2016"
"BLUE","pastureHay",45.1,13.99,"2016"
"BLUE","cultivatedCrops",0.8,0.25,"2016"
"BLUE","emergentHerbaceousWetlands",0.01,0,"2016"
"PRIN","openWater",0.02,0.04,"2016"
"PRIN","developedOpenSpace",1.46,2.99,"2016"
"PRIN","developedLowIntensity",0.53,1.08,"2016"
"PRIN","developedMediumIntensity",0.02,0.04,"2016"
"PRIN","barrenLand",0.01,0.02,"2016"
"PRIN","deciduousForest",8.17,16.71,"2016"
"PRIN","shrubScrub",0.36,0.74,"2016"
"PRIN","grasslandHerbaceous",35.19,71.99,"2016"
"PRIN","pastureHay",2.98,6.09,"2016"
"PRIN","cultivatedCrops",0.14,0.3,"2016"
"BLDE","evergreenForest",0.39,1.03,"2016"
"BLDE","shrubScrub",13.56,35.85,"2016"
"BLDE","grasslandHerbaceous",22.92,60.63,"2016"
"BLDE","woodyWetlands",0.21,0.56,"2016"
"BLDE","emergentHerbaceousWetlands",0.73,1.93,"2016"
"COMO","evergreenForest",2.37,66.46,"2016"
"COMO","shrubScrub",0.76,21.27,"2016"
"COMO","grasslandHerbaceous",0.43,11.99,"2016"
"COMO","woodyWetlands",0.01,0.28,"2016"
"WLOU","developedOpenSpace",0.11,2.22,"2016"
"WLOU","evergreenForest",4.57,93.32,"2016"
"WLOU","shrubScrub",0.12,2.47,"2016"
"WLOU","grasslandHerbaceous",0.09,1.88,"2016"
"SYCA","openWater",0.01,0,"2016"
"SYCA","developedOpenSpace",1.44,0.51,"2016"
"SYCA","developedLowIntensity",0.49,0.18,"2016"
"SYCA","developedMediumIntensity",0.11,0.04,"2016"
"SYCA","developedHighIntensity",0.02,0.01,"2016"
"SYCA","barrenLand",0.08,0.03,"2016"
"SYCA","evergreenForest",57.51,20.52,"2016"
"SYCA","shrubScrub",219.68,78.38,"2016"
"SYCA","grasslandHerbaceous",0.53,0.19,"2016"
"SYCA","woodyWetlands",0.3,0.11,"2016"
"SYCA","emergentHerbaceousWetlands",0.09,0.03,"2016"
"REDB","deciduousForest",12.99,77.79,"2016"
"REDB","evergreenForest",1.73,10.35,"2016"
"REDB","mixedForest",0.06,0.37,"2016"
"REDB","shrubScrub",1.92,11.47,"2016"
"MART","developedOpenSpace",0.21,3.37,"2016"
"MART","developedLowIntensity",0.14,2.28,"2016"
"MART","deciduousForest",0.01,0.23,"2016"
"MART","evergreenForest",5.85,92.17,"2016"
"MART","mixedForest",0.01,0.11,"2016"
"MART","shrubScrub",0.12,1.83,"2016"
"MCRA","evergreenForest",3.65,92.97,"2016"
"MCRA","shrubScrub",0.25,6.42,"2016"
"MCRA","grasslandHerbaceous",0.02,0.54,"2016"
"BIGC","deciduousForest",0.03,0.24,"2016"
"BIGC","evergreenForest",10.11,92.69,"2016"
"BIGC","mixedForest",0.09,0.78,"2016"
"BIGC","shrubScrub",0.68,6.25,"2016"
"TECR","evergreenForest",2.89,97.25,"2016"
"TECR","shrubScrub",0.08,2.75,"2016"
"TOOK","openWater",3.1,4.58,"2016"
"TOOK","developedLowIntensity",0.75,1.1,"2016"
"TOOK","barrenLand",0.49,0.72,"2016"
"TOOK","dwarfScrub",53.9,79.7,"2016"
"TOOK","shrubScrub",5.86,8.66,"2016"
"TOOK","sedgeHerbaceous",5.76,8.52,"2016"
"TOOK","emergentHerbaceousWetlands",0.19,0.28,"2016"
"OKSR","openWater",2.67,4.62,"2016"
"OKSR","perennialIceSnow",0.28,0.48,"2016"
"OKSR","developedLowIntensity",0.14,0.24,"2016"
"OKSR","barrenLand",1.19,2.06,"2016"
"OKSR","dwarfScrub",38.94,67.4,"2016"
"OKSR","shrubScrub",1.19,2.06,"2016"
"OKSR","sedgeHerbaceous",12.92,22.36,"2016"
"OKSR","emergentHerbaceousWetlands",0.45,0.78,"2016"
"CARI","deciduousForest",6.94,22.37,"2016"
"CARI","evergreenForest",16.39,52.83,"2016"
"CARI","mixedForest",4.68,15.09,"2016"
"CARI","shrubScrub",0.56,1.8,"2016"
"CARI","woodyWetlands",2.45,7.91,"2016"
